{
    "position": 
    {
        "x": -1.81805157661,
        "y": 1.23706793785,
        "z": 0.0
    },
    "orientation": 
    {
        "x": 0.0,
        "y": 0.0,
        "z": -0.713669288404,
        "w": 0.700482795498
    }
}
